{"stats":{"minecraft:used":{"minecraft:stone_sword":5,"minecraft:flint_and_steel":5,"minecraft:polished_basalt":9,"minecraft:chest":3,"minecraft:shield":37,"minecraft:netherrack":50,"minecraft:iron_chestplate":1,"minecraft:torch":6,"minecraft:warped_wart_block":4,"minecraft:carrot":2,"minecraft:obsidian":8,"minecraft:spruce_boat":14,"minecraft:lava_bucket":5,"minecraft:iron_axe":112,"minecraft:warped_nylium":4,"minecraft:basalt":3,"minecraft:furnace":2,"minecraft:cobbled_deepslate":27,"minecraft:pointed_dripstone":5,"minecraft:iron_leggings":1,"minecraft:cooked_mutton":2,"minecraft:water_bucket":13,"minecraft:diorite":2,"minecraft:stone_pickaxe":75,"minecraft:blackstone":5,"minecraft:wooden_pickaxe":16,"minecraft:polished_blackstone_bricks":5,"minecraft:crafting_table":8,"minecraft:blast_furnace":3,"minecraft:white_bed":1,"minecraft:dripstone_block":6,"minecraft:warped_planks":12,"minecraft:spruce_log":1,"minecraft:diamond_pickaxe":15,"minecraft:crying_obsidian":2,"minecraft:cracked_polished_blackstone_bricks":14,"minecraft:bread":72,"minecraft:iron_pickaxe":291,"minecraft:spruce_trapdoor":1,"minecraft:spruce_sapling":2,"minecraft:stone_axe":88,"minecraft:cobblestone":23,"minecraft:cooked_porkchop":1,"minecraft:andesite":2,"minecraft:bucket":19},"minecraft:picked_up":{"minecraft:iron_chestplate":3,"minecraft:crafting_table":1,"minecraft:wheat":6,"minecraft:lead":2,"minecraft:wooden_pickaxe":3,"minecraft:gold_block":10,"minecraft:enchanted_book":1,"minecraft:nether_brick":12,"minecraft:shield":3,"minecraft:polished_blackstone_brick_stairs":2,"minecraft:string":56,"minecraft:iron_axe":4,"minecraft:flint_and_steel":2,"minecraft:iron_leggings":2,"minecraft:blackstone":41,"minecraft:gold_nugget":65,"minecraft:cobbled_deepslate":27,"minecraft:bucket":3,"minecraft:spruce_planks":52,"minecraft:music_disc_otherside":2,"minecraft:iron_nugget":19,"minecraft:iron_pickaxe":2,"minecraft:sugar_cane":18,"minecraft:furnace":2,"minecraft:iron_boots":2,"minecraft:spruce_trapdoor":1,"minecraft:stick":5,"minecraft:raw_iron":85,"minecraft:torch":2,"minecraft:fire_charge":6,"minecraft:porkchop":18,"minecraft:polished_blackstone_bricks":21,"minecraft:pointed_dripstone":9,"minecraft:diorite":3,"minecraft:carrot":7,"minecraft:stone_sword":1,"minecraft:arrow":20,"minecraft:rotten_flesh":24,"minecraft:polished_basalt":9,"minecraft:hay_block":9,"minecraft:iron_block":2,"minecraft:gold_ingot":207,"minecraft:mutton":23,"minecraft:obsidian":17,"minecraft:white_wool":7,"minecraft:cobblestone":44,"minecraft:basalt":11,"minecraft:magma_cream":10,"minecraft:water_bucket":1,"minecraft:salmon":4,"minecraft:andesite":5,"minecraft:leather":13,"minecraft:flint":2,"minecraft:tuff":1,"minecraft:ancient_debris":2,"minecraft:golden_boots":4,"minecraft:yellow_bed":1,"minecraft:gunpowder":15,"minecraft:lapis_lazuli":61,"minecraft:dirt":25,"minecraft:twisting_vines":2,"minecraft:cooked_mutton":2,"minecraft:bone":38,"minecraft:bow":1,"minecraft:wheat_seeds":3,"minecraft:warped_stem":6,"minecraft:stone_pickaxe":4,"minecraft:iron_ingot":32,"minecraft:soul_sand":30,"minecraft:music_disc_13":2,"minecraft:pumpkin":5,"minecraft:quartz":29,"minecraft:warped_wart_block":6,"minecraft:lava_bucket":1,"minecraft:dripstone_block":8,"minecraft:gravel":65,"minecraft:spruce_sapling":2,"minecraft:blast_furnace":3,"minecraft:white_bed":2,"minecraft:spruce_log":35,"minecraft:spectral_arrow":39,"minecraft:crying_obsidian":9,"minecraft:spider_eye":9,"minecraft:diamond":5,"minecraft:stone_axe":3,"minecraft:spruce_boat":12,"minecraft:iron_helmet":1,"minecraft:cracked_polished_blackstone_bricks":19,"minecraft:warped_roots":3,"minecraft:bread":142,"minecraft:piglin_banner_pattern":2,"minecraft:netherrack":58,"minecraft:warped_nylium":6,"minecraft:coal":92,"minecraft:diamond_pickaxe":5,"minecraft:ender_pearl":16},"minecraft:broken":{"minecraft:iron_axe":1,"minecraft:stone_axe":1,"minecraft:iron_pickaxe":1},"minecraft:mined":{"minecraft:nether_gold_ore":14,"minecraft:tuff":1,"minecraft:white_bed":2,"minecraft:deepslate_diamond_ore":5,"minecraft:obsidian":7,"minecraft:grass_block":2,"minecraft:cracked_polished_blackstone_bricks":19,"minecraft:spruce_leaves":32,"minecraft:large_fern":4,"minecraft:hay_block":9,"minecraft:polished_blackstone_bricks":39,"minecraft:furnace":1,"minecraft:nether_sprouts":1,"minecraft:polished_basalt":9,"minecraft:iron_ore":40,"minecraft:cobbled_deepslate":4,"minecraft:fire":14,"minecraft:andesite":3,"minecraft:pumpkin":5,"minecraft:gold_block":12,"minecraft:twisting_vines":2,"minecraft:pointed_dripstone":1,"minecraft:deepslate_iron_ore":46,"minecraft:warped_stem":4,"minecraft:stone":28,"minecraft:blackstone":19,"minecraft:basalt":11,"minecraft:dandelion":1,"minecraft:crafting_table":1,"minecraft:torch":3,"minecraft:short_grass":3,"minecraft:blast_furnace":3,"minecraft:tall_grass":1,"minecraft:cobblestone":2,"minecraft:polished_blackstone_brick_stairs":2,"minecraft:sugar_cane":4,"minecraft:diorite":3,"minecraft:warped_wart_block":4,"minecraft:warped_nylium":10,"minecraft:spruce_log":34,"minecraft:yellow_bed":1,"minecraft:coal_ore":26,"minecraft:gravel":2,"minecraft:dripstone_block":1,"minecraft:dirt":1,"minecraft:netherrack":46,"minecraft:deepslate":23},"minecraft:dropped":{"minecraft:golden_boots":2,"minecraft:bread":27,"minecraft:wheat_seeds":2,"minecraft:lapis_lazuli":52,"minecraft:ender_pearl":1,"minecraft:dripstone_block":2,"minecraft:warped_roots":3,"minecraft:stick":1,"minecraft:flint":1,"minecraft:diorite":1,"minecraft:gold_nugget":5,"minecraft:iron_axe":1,"minecraft:gold_ingot":137,"minecraft:gravel":7,"minecraft:twisting_vines":2,"minecraft:tuff":1,"minecraft:obsidian":6,"minecraft:pointed_dripstone":2,"minecraft:rotten_flesh":18,"minecraft:cooked_mutton":2,"minecraft:hay_block":9,"minecraft:spruce_planks":2,"minecraft:diamond_pickaxe":1,"minecraft:andesite":2,"minecraft:spider_eye":5,"minecraft:stone_pickaxe":1,"minecraft:warped_wart_block":1},"minecraft:killed_by":{"minecraft:creeper":1,"minecraft:enderman":1,"minecraft:piglin":2,"minecraft:skeleton":1,"minecraft:zombie":4},"minecraft:custom":{"minecraft:mob_kills":73,"minecraft:interact_with_crafting_table":32,"minecraft:leave_game":1,"minecraft:time_since_death":12805,"minecraft:sprint_one_cm":310036,"minecraft:walk_one_cm":421632,"minecraft:damage_blocked_by_shield":2535,"minecraft:drop":96,"minecraft:talked_to_villager":2,"minecraft:play_time":135689,"minecraft:deaths":11,"minecraft:sneak_time":15348,"minecraft:walk_under_water_one_cm":17001,"minecraft:boat_one_cm":18018,"minecraft:jump":2629,"minecraft:interact_with_blast_furnace":17,"minecraft:walk_on_water_one_cm":24069,"minecraft:enchant_item":5,"minecraft:total_world_time":135689,"minecraft:interact_with_furnace":9,"minecraft:sleep_in_bed":1,"minecraft:time_since_rest":12832,"minecraft:damage_taken":6604,"minecraft:damage_dealt":14732,"minecraft:fly_one_cm":431525,"minecraft:swim_one_cm":31724,"minecraft:open_chest":19,"minecraft:crouch_one_cm":55724,"minecraft:fall_one_cm":81386},"minecraft:killed":{"minecraft:spider":11,"minecraft:skeleton":10,"minecraft:piglin_brute":1,"minecraft:magma_cube":3,"minecraft:piglin":1,"minecraft:pig":4,"minecraft:salmon":4,"minecraft:wandering_trader":1,"minecraft:creeper":4,"minecraft:sheep":8,"minecraft:zombie":11,"minecraft:stray":1,"minecraft:enderman":13},"minecraft:crafted":{"minecraft:cooked_mutton":4,"minecraft:flint_and_steel":1,"minecraft:warped_planks":16,"minecraft:iron_boots":1,"minecraft:iron_axe":3,"minecraft:stone_pickaxe":1,"minecraft:chest":3,"minecraft:spruce_boat":4,"minecraft:golden_boots":3,"minecraft:crafting_table":7,"minecraft:spruce_planks":136,"minecraft:wooden_pickaxe":1,"minecraft:iron_helmet":1,"minecraft:bucket":1,"minecraft:stone_axe":2,"minecraft:air":0,"minecraft:spruce_trapdoor":2,"minecraft:iron_chestplate":1,"minecraft:shield":1,"minecraft:stick":20,"minecraft:iron_ingot":35,"minecraft:iron_pickaxe":2,"minecraft:stone_sword":1,"minecraft:iron_leggings":1,"minecraft:gold_ingot":32,"minecraft:torch":4}},"DataVersion":3953}