{"stats":{"minecraft:used":{"minecraft:stone_sword":41,"minecraft:enchanting_table":1,"minecraft:flint_and_steel":8,"minecraft:chest":1,"minecraft:spruce_planks":33,"minecraft:shield":27,"minecraft:stone_hoe":39,"minecraft:rotten_flesh":2,"minecraft:netherrack":17,"minecraft:iron_chestplate":1,"minecraft:torch":5,"minecraft:soul_sand":2,"minecraft:dirt":1,"minecraft:warped_wart_block":1,"minecraft:spruce_boat":11,"minecraft:iron_axe":128,"minecraft:polished_blackstone_brick_stairs":1,"minecraft:basalt":8,"minecraft:bow":12,"minecraft:furnace":2,"minecraft:cobbled_deepslate":7,"minecraft:iron_leggings":1,"minecraft:golden_boots":2,"minecraft:cooked_mutton":3,"minecraft:water_bucket":2,"minecraft:stone_pickaxe":13,"minecraft:blackstone":9,"minecraft:wooden_pickaxe":19,"minecraft:polished_blackstone_bricks":21,"minecraft:mossy_cobblestone":1,"minecraft:crafting_table":10,"minecraft:blast_furnace":1,"minecraft:dripstone_block":2,"minecraft:diamond_pickaxe":244,"minecraft:cracked_polished_blackstone_bricks":6,"minecraft:bread":69,"minecraft:iron_pickaxe":54,"minecraft:stone_axe":67,"minecraft:fire_charge":1,"minecraft:cobblestone":4,"minecraft:cooked_porkchop":1,"minecraft:bucket":2,"minecraft:yellow_bed":5,"minecraft:oak_boat":4},"minecraft:picked_up":{"minecraft:iron_chestplate":4,"minecraft:crafting_table":12,"minecraft:wheat":9,"minecraft:wooden_pickaxe":3,"minecraft:gold_block":10,"minecraft:potion":5,"minecraft:nether_brick":22,"minecraft:shield":3,"minecraft:polished_blackstone_brick_stairs":1,"minecraft:string":38,"minecraft:iron_axe":5,"minecraft:flint_and_steel":2,"minecraft:iron_leggings":3,"minecraft:iron_shovel":1,"minecraft:blackstone":100,"minecraft:gold_nugget":76,"minecraft:cobbled_deepslate":19,"minecraft:bucket":4,"minecraft:spruce_planks":99,"minecraft:music_disc_otherside":1,"minecraft:oak_boat":5,"minecraft:iron_nugget":31,"minecraft:iron_pickaxe":3,"minecraft:chest":2,"minecraft:spruce_trapdoor":2,"minecraft:iron_boots":3,"minecraft:furnace":4,"minecraft:stick":6,"minecraft:raw_iron":13,"minecraft:torch":2,"minecraft:fire_charge":4,"minecraft:porkchop":33,"minecraft:polished_blackstone_bricks":21,"minecraft:pointed_dripstone":10,"minecraft:carrot":17,"minecraft:redstone":26,"minecraft:stone_sword":2,"minecraft:arrow":14,"minecraft:rotten_flesh":31,"minecraft:beetroot_seeds":4,"minecraft:hay_block":45,"minecraft:iron_block":2,"minecraft:gold_ingot":152,"minecraft:obsidian":14,"minecraft:cobblestone":38,"minecraft:enchanting_table":1,"minecraft:basalt":8,"minecraft:magma_cream":1,"minecraft:glow_ink_sac":1,"minecraft:water_bucket":1,"minecraft:andesite":1,"minecraft:leather":10,"minecraft:potato":10,"minecraft:flint":2,"minecraft:oak_log":2,"minecraft:golden_boots":5,"minecraft:ancient_debris":3,"minecraft:yellow_bed":4,"minecraft:gunpowder":3,"minecraft:lapis_lazuli":118,"minecraft:dirt":2,"minecraft:twisting_vines":2,"minecraft:cooked_mutton":2,"minecraft:bone":38,"minecraft:bow":1,"minecraft:wheat_seeds":18,"minecraft:raw_gold":4,"minecraft:iron_ingot":23,"minecraft:stone_pickaxe":6,"minecraft:soul_sand":18,"minecraft:oak_planks":3,"minecraft:stone_hoe":1,"minecraft:book":24,"minecraft:cooked_porkchop":1,"minecraft:music_disc_13":1,"minecraft:warped_wart_block":2,"minecraft:quartz":49,"minecraft:dandelion":5,"minecraft:lava_bucket":1,"minecraft:dripstone_block":8,"minecraft:gravel":37,"minecraft:spruce_sapling":2,"minecraft:blast_furnace":2,"minecraft:white_bed":2,"minecraft:spruce_log":25,"minecraft:crying_obsidian":6,"minecraft:spectral_arrow":8,"minecraft:spider_eye":2,"minecraft:mossy_cobblestone":1,"minecraft:diamond":26,"minecraft:spruce_boat":12,"minecraft:stone_axe":4,"minecraft:cracked_polished_blackstone_bricks":12,"minecraft:crossbow":1,"minecraft:warped_roots":3,"minecraft:bread":133,"minecraft:piglin_banner_pattern":4,"minecraft:netherrack":82,"minecraft:warped_nylium":2,"minecraft:coal":81,"minecraft:diamond_pickaxe":5,"minecraft:ender_pearl":10},"minecraft:mined":{"minecraft:nether_gold_ore":14,"minecraft:diamond_ore":2,"minecraft:spruce_planks":7,"minecraft:white_bed":1,"minecraft:deepslate_diamond_ore":24,"minecraft:obsidian":5,"minecraft:glow_lichen":1,"minecraft:cracked_polished_blackstone_bricks":19,"minecraft:spruce_leaves":6,"minecraft:spawner":1,"minecraft:hay_block":36,"minecraft:polished_blackstone_bricks":19,"minecraft:furnace":2,"minecraft:carrots":9,"minecraft:polished_basalt":1,"minecraft:cobbled_deepslate":1,"minecraft:iron_ore":9,"minecraft:fire":27,"minecraft:andesite":1,"minecraft:deepslate_lapis_ore":6,"minecraft:gold_block":9,"minecraft:enchanting_table":1,"minecraft:twisting_vines":5,"minecraft:pointed_dripstone":5,"minecraft:bookshelf":4,"minecraft:potatoes":6,"minecraft:stone":19,"minecraft:deepslate_redstone_ore":6,"minecraft:blackstone":12,"minecraft:dandelion":1,"minecraft:crafting_table":10,"minecraft:torch":1,"minecraft:short_grass":2,"minecraft:blast_furnace":2,"minecraft:warped_roots":1,"minecraft:chest":2,"minecraft:nether_quartz_ore":15,"minecraft:cobblestone":3,"minecraft:lapis_ore":4,"minecraft:deepslate_gold_ore":4,"minecraft:wall_torch":1,"minecraft:warped_wart_block":2,"minecraft:wheat":10,"minecraft:spruce_log":26,"minecraft:yellow_bed":3,"minecraft:oak_log":2,"minecraft:coal_ore":7,"minecraft:beetroots":2,"minecraft:dripstone_block":7,"minecraft:gravel":1,"minecraft:dirt":1,"minecraft:netherrack":96,"minecraft:deepslate":10},"minecraft:dropped":{"minecraft:golden_boots":2,"minecraft:stone_hoe":1,"minecraft:iron_ingot":18,"minecraft:bread":114,"minecraft:porkchop":9,"minecraft:lapis_lazuli":61,"minecraft:dripstone_block":6,"minecraft:cobblestone":9,"minecraft:warped_roots":2,"minecraft:music_disc_13":1,"minecraft:flint":1,"minecraft:lava_bucket":1,"minecraft:iron_block":1,"minecraft:iron_leggings":2,"minecraft:gold_nugget":17,"minecraft:iron_axe":2,"minecraft:iron_pickaxe":3,"minecraft:string":26,"minecraft:bucket":4,"minecraft:gold_ingot":229,"minecraft:spruce_sapling":1,"minecraft:dandelion":3,"minecraft:bone":21,"minecraft:gravel":7,"minecraft:stone_axe":1,"minecraft:ancient_debris":2,"minecraft:stone_sword":1,"minecraft:cobbled_deepslate":12,"minecraft:music_disc_otherside":1,"minecraft:wheat":9,"minecraft:obsidian":5,"minecraft:pointed_dripstone":1,"minecraft:iron_boots":1,"minecraft:carrot":3,"minecraft:flint_and_steel":1,"minecraft:spruce_boat":1,"minecraft:shield":1,"minecraft:piglin_banner_pattern":3,"minecraft:gunpowder":12,"minecraft:spruce_trapdoor":1,"minecraft:andesite":1,"minecraft:iron_chestplate":3,"minecraft:diamond_pickaxe":5,"minecraft:beetroot_seeds":2,"minecraft:spider_eye":2,"minecraft:arrow":2,"minecraft:wooden_pickaxe":2,"minecraft:stone_pickaxe":3,"minecraft:quartz":5},"minecraft:killed_by":{"minecraft:piglin_brute":1,"minecraft:enderman":2,"minecraft:skeleton":1,"minecraft:zombie":4},"minecraft:custom":{"minecraft:mob_kills":80,"minecraft:interact_with_crafting_table":25,"minecraft:bell_ring":17,"minecraft:leave_game":4,"minecraft:time_since_death":21324,"minecraft:sprint_one_cm":350618,"minecraft:walk_one_cm":337642,"minecraft:damage_blocked_by_shield":2017,"minecraft:drop":104,"minecraft:talked_to_villager":1,"minecraft:play_time":135932,"minecraft:deaths":8,"minecraft:sneak_time":19863,"minecraft:walk_under_water_one_cm":17594,"minecraft:boat_one_cm":73836,"minecraft:jump":3171,"minecraft:interact_with_blast_furnace":13,"minecraft:walk_on_water_one_cm":33692,"minecraft:enchant_item":5,"minecraft:total_world_time":135932,"minecraft:interact_with_furnace":13,"minecraft:sleep_in_bed":4,"minecraft:time_since_rest":21391,"minecraft:damage_taken":5773,"minecraft:damage_dealt":13672,"minecraft:swim_one_cm":26995,"minecraft:fly_one_cm":504184,"minecraft:open_chest":28,"minecraft:crouch_one_cm":69739,"minecraft:fall_one_cm":78679,"minecraft:horse_one_cm":40},"minecraft:killed":{"minecraft:spider":8,"minecraft:skeleton":7,"minecraft:piglin_brute":2,"minecraft:magma_cube":17,"minecraft:piglin":5,"minecraft:pig":7,"minecraft:iron_golem":1,"minecraft:creeper":3,"minecraft:zombie":23,"minecraft:enderman":5},"minecraft:crafted":{"minecraft:oak_planks":8,"minecraft:furnace":1,"minecraft:cooked_mutton":1,"minecraft:iron_boots":1,"minecraft:iron_axe":1,"minecraft:stone_pickaxe":1,"minecraft:spruce_boat":2,"minecraft:stone_hoe":1,"minecraft:golden_boots":1,"minecraft:wheat":405,"minecraft:cooked_porkchop":3,"minecraft:crafting_table":2,"minecraft:enchanting_table":1,"minecraft:spruce_planks":100,"minecraft:wooden_pickaxe":1,"minecraft:iron_helmet":1,"minecraft:bucket":2,"minecraft:stone_axe":1,"minecraft:bread":135,"minecraft:air":0,"minecraft:oak_boat":1,"minecraft:iron_chestplate":1,"minecraft:diamond_pickaxe":2,"minecraft:shield":1,"minecraft:stick":24,"minecraft:iron_ingot":35,"minecraft:iron_pickaxe":1,"minecraft:stone_sword":1,"minecraft:iron_leggings":1,"minecraft:gold_ingot":163,"minecraft:torch":16}},"DataVersion":3953}